x,y
-51.652000,-77.504999
-51.852000,-77.304999
-52.052000,-77.104999
-52.252000,-76.904999
-52.452000,-76.704999
-52.652000,-76.504999
-52.852000,-76.304999
-53.052000,-76.104999
-53.252000,-75.904999
-53.452000,-75.704999
-53.652000,-75.504999
-53.852000,-75.304999
-54.052000,-75.104999
-54.252000,-74.904999
-54.452000,-74.704999
-54.652000,-74.504999
-54.852000,-74.304999
-55.052000,-74.104999
-55.252000,-73.904999
-55.452000,-73.704999
-55.652000,-73.504999
-55.852000,-73.304999
-56.052000,-73.104999
-56.252000,-72.904999
-56.252000,-72.704999
-56.252000,-72.504999
-56.252000,-72.304999
-56.252000,-72.104999
-56.252000,-71.904999
-56.252000,-71.704999
-56.452000,-71.504999
-56.652000,-71.304999
-56.852000,-71.104999
-57.052000,-70.904999
-57.252000,-70.704999
-57.452000,-70.504999
-57.652000,-70.304999
-57.852000,-70.104999
-58.052000,-69.904999
-58.252000,-69.704999
-58.252000,-69.504999
-58.252000,-69.304999
-58.252000,-69.104999
-58.252000,-68.904999
-58.252000,-68.704999
-58.252000,-68.504999
-58.252000,-68.304999
-58.252000,-68.104999
-58.252000,-67.904999
-58.252000,-67.704999
-58.252000,-67.504999
-58.252000,-67.304999
-58.252000,-67.104999
-58.252000,-66.904999
-58.252000,-66.704999
-58.252000,-66.504999
-58.252000,-66.304999
-58.252000,-66.104999
-58.252000,-65.904999
-58.252000,-65.704999
-58.252000,-65.504999
-58.452000,-65.304999
-58.652000,-65.104999
-58.852000,-64.904999
-59.052000,-64.704999
-59.252000,-64.504999
-59.452000,-64.304999
-59.652000,-64.104999
-59.852000,-63.904999
-60.052000,-63.704999
-60.252000,-63.504999
-60.452000,-63.304999
-60.652000,-63.104999
-60.852000,-62.904999
-61.052000,-62.704999
-61.252000,-62.504999
-61.452000,-62.304999
-61.452000,-62.104999
-61.452000,-61.904999
-61.452000,-61.704999
-61.452000,-61.504999
-61.452000,-61.304999
-61.452000,-61.104999
-61.452000,-60.904999
-61.652000,-60.704999
-61.852000,-60.504999
-62.052000,-60.304999
-62.052000,-60.104999
-62.052000,-59.904999
-62.052000,-59.704999
-62.052000,-59.504999
-62.052000,-59.304999
-62.052000,-59.104999
-62.052000,-58.904999
-62.052000,-58.704999
-62.052000,-58.504999
-62.052000,-58.304999
-62.052000,-58.104999
-62.052000,-57.904999
-62.052000,-57.704999
-62.052000,-57.504999
-62.052000,-57.304999
-62.052000,-57.104999
-62.052000,-56.904999
-62.052000,-56.704999
-62.052000,-56.504999
-62.052000,-56.304999
-62.052000,-56.104999
-62.052000,-55.904999
-62.052000,-55.704999
-62.052000,-55.504999
-62.052000,-55.304999
-62.052000,-55.104999
-62.052000,-54.904999
-62.052000,-54.704999
-62.052000,-54.504999
-62.052000,-54.304999
-62.052000,-54.104999
-62.052000,-53.904999
-62.052000,-53.704999
-62.052000,-53.504999
-62.052000,-53.304999
-62.052000,-53.104999
-62.052000,-52.904999
-62.052000,-52.704999
-62.052000,-52.504999
-62.052000,-52.304999
-62.052000,-52.104999
-62.052000,-51.904999
-62.052000,-51.704999
-62.052000,-51.504999
-62.052000,-51.304999
-62.052000,-51.104999
-62.052000,-50.904999
-62.052000,-50.704999
-62.052000,-50.504999
-62.052000,-50.304999
-62.052000,-50.104999
-62.052000,-49.904999
-62.052000,-49.704999
-62.052000,-49.504999
-62.052000,-49.304999
-62.052000,-49.104999
-62.052000,-48.904999
-62.052000,-48.704999
-62.052000,-48.504999
-62.052000,-48.304999
-62.052000,-48.104999
-62.052000,-47.904999
-62.052000,-47.704999
-62.052000,-47.504999
-62.052000,-47.304999
-62.052000,-47.104999
-62.052000,-46.904999
-62.052000,-46.704999
-62.052000,-46.504999
-62.052000,-46.304999
-62.052000,-46.104999
-62.052000,-45.904999
-62.052000,-45.704999
-62.052000,-45.504999
-62.052000,-45.304999
-62.052000,-45.104999
-62.052000,-44.904999
-62.052000,-44.704999
-62.052000,-44.504999
-62.052000,-44.304999
-62.052000,-44.104999
-62.052000,-43.904999
-62.052000,-43.704999
-62.052000,-43.504999
-62.052000,-43.304999
-62.052000,-43.104999
-62.052000,-42.904999
-62.052000,-42.704999
-62.052000,-42.504999
-62.052000,-42.304999
-62.052000,-42.104999
-62.052000,-41.904999
-62.052000,-41.704999
-62.052000,-41.504999
-62.052000,-41.304999
-62.052000,-41.104999
-62.052000,-40.904999
-62.052000,-40.704999
-62.052000,-40.504999
-62.052000,-40.304999
-62.052000,-40.104999
-62.052000,-39.904999
-62.052000,-39.704999
-62.052000,-39.504999
-62.052000,-39.304999
-62.052000,-39.104999
-62.052000,-38.904999
-62.052000,-38.704999
-62.052000,-38.504999
-62.052000,-38.304999
-62.052000,-38.104999
-62.052000,-37.904999
-62.052000,-37.704999
-62.052000,-37.504999
-62.052000,-37.304999
-62.052000,-37.104999
-62.052000,-36.904999
-62.052000,-36.704999
-62.052000,-36.504999
-62.052000,-36.304999
-62.052000,-36.104999
-62.052000,-35.904999
-62.052000,-35.704999
-62.052000,-35.504999
-62.052000,-35.304999
-62.052000,-35.104999
-62.052000,-34.904999
-62.052000,-34.704999
-62.052000,-34.504999
-62.052000,-34.304999
-62.052000,-34.104999
-62.052000,-33.904999
-62.052000,-33.704999
-62.052000,-33.504999
-62.052000,-33.304999
-62.052000,-33.104999
-62.052000,-32.904999
-62.052000,-32.704999
-62.052000,-32.504999
-62.052000,-32.304999
-62.052000,-32.104999
-62.052000,-31.904999
-62.052000,-31.704999
-62.052000,-31.504999
-62.052000,-31.304999
-62.052000,-31.104999
-62.052000,-30.904999
-62.052000,-30.704999
-62.052000,-30.504999
-62.052000,-30.304999
-62.052000,-30.104999
-62.052000,-29.904999
-62.052000,-29.704999
-62.052000,-29.504999
-62.052000,-29.304999
-62.052000,-29.104999
-62.052000,-28.904999
-62.052000,-28.704999
-62.052000,-28.504999
-62.052000,-28.304999
-62.052000,-28.104999
-62.052000,-27.904999
-62.052000,-27.704999
-62.052000,-27.504999
-62.052000,-27.304999
-62.052000,-27.104999
-62.052000,-26.904999
-62.052000,-26.704999
-62.052000,-26.504999
-62.052000,-26.304999
-62.052000,-26.104999
-62.052000,-25.904999
-62.052000,-25.704999
-62.052000,-25.504999
-62.052000,-25.304999
-62.052000,-25.104999
-62.052000,-24.904999
-62.052000,-24.704999
-62.052000,-24.504999
-62.052000,-24.304999
-62.052000,-24.104999
-62.052000,-23.904999
-62.052000,-23.704999
-62.052000,-23.504999
-62.052000,-23.304999
-62.052000,-23.104999
-62.052000,-22.904999
-62.052000,-22.704999
-62.052000,-22.504999
-62.052000,-22.304999
-62.052000,-22.104999
-62.052000,-21.904999
-62.052000,-21.704999
-62.052000,-21.504999
-62.052000,-21.304999
-62.252000,-21.104999
-62.452000,-20.904999
-62.652000,-20.704999
-62.652000,-20.504999
-62.652000,-20.304999
-62.652000,-20.104999
-62.652000,-19.904999
-62.652000,-19.704999
-62.652000,-19.504999
-62.652000,-19.304999
-62.652000,-19.104999
-62.652000,-18.904999
-62.652000,-18.704999
-62.652000,-18.504999
-62.652000,-18.304999
-62.852000,-18.104999
-63.052000,-17.904999
-63.252000,-17.704999
-63.452000,-17.504999
-63.652000,-17.304999
-63.852000,-17.104999
-64.052000,-16.904999
-64.252000,-16.704999
-64.452000,-16.504999
-64.652000,-16.304999
-64.852000,-16.104999
-65.052000,-15.904999
-65.252000,-15.704999
-65.452000,-15.504999
-65.652000,-15.304999
-65.852000,-15.104999
-66.052000,-14.904999
-66.252000,-14.704999
-66.452000,-14.504999
-66.652000,-14.304999
-66.852000,-14.104999
-67.052000,-13.904999
-66.852000,-13.704999
-66.652000,-13.504999
-66.452000,-13.304999
-66.252000,-13.104999
-66.052000,-12.904999
-65.852000,-12.704999
-65.652000,-12.504999
-65.452000,-12.304999
-65.252000,-12.104999
-65.052000,-11.904999
-64.852000,-11.704999
-64.652000,-11.504999
-64.452000,-11.304999
-64.252000,-11.104999
-64.052000,-10.904999
-63.852000,-10.704999
-63.652000,-10.504999
-63.452000,-10.304999
-63.452000,-10.104999
-63.452000,-9.904999
-63.452000,-9.704999
-63.452000,-9.504999
-63.452000,-9.304999
-63.452000,-9.104999
-63.452000,-8.904999
-63.452000,-8.704999
-63.452000,-8.504999
-63.452000,-8.304999
-63.452000,-8.104999
-63.452000,-7.904999
-63.452000,-7.704999
-63.452000,-7.504999
-63.452000,-7.304999
-63.452000,-7.104999
-63.452000,-6.904999
-63.452000,-6.704999
-63.452000,-6.504999
-63.452000,-6.304999
-63.452000,-6.104999
-63.452000,-5.904999
-63.452000,-5.704999
-63.452000,-5.504999
-63.452000,-5.304999
-63.452000,-5.104999
-63.252000,-4.904999
-63.252000,-4.704999
-63.252000,-4.504999
-63.252000,-4.304999
-63.252000,-4.104999
-63.252000,-3.904999
-63.252000,-3.704999
-63.252000,-3.504999
-63.252000,-3.304999
-63.252000,-3.104999
-63.252000,-2.904999
-63.252000,-2.704999
-63.252000,-2.504999
-63.252000,-2.304999
-63.252000,-2.104999
-63.052000,-1.904999
-62.852000,-1.704999
-62.852000,-1.504999
-62.852000,-1.304999
-62.852000,-1.104999
-62.652000,-0.904999
-62.452000,-0.704999
-62.452000,-0.504999
-62.452000,-0.304999
-62.452000,-0.104999
-62.452000,0.095001
-62.452000,0.295001
-62.452000,0.495001
-62.452000,0.695001
-62.452000,0.895001
-62.452000,1.095001
-62.452000,1.295001
-62.452000,1.495001
-62.452000,1.695001
-62.452000,1.895001
-62.452000,2.095001
-62.452000,2.295001
-62.452000,2.495001
-62.452000,2.695001
-62.452000,2.895001
-62.452000,3.095001
-62.452000,3.295001
-62.452000,3.495001
-62.452000,3.695001
-62.452000,3.895001
-62.452000,4.095001
-62.452000,4.295001
-62.252000,4.495001
-62.052000,4.695001
-61.852000,4.895001
-61.652000,4.895001
-61.452000,4.895001
-61.252000,4.895001
-61.052000,4.895001
-60.852000,4.895001
-60.652000,4.895001
-60.452000,4.895001
-60.252000,4.895001
-60.052000,4.895001
-59.852000,4.895001
-59.652000,4.895001
-59.452000,4.895001
-59.252000,4.895001
-59.052000,4.895001
-58.852000,4.895001
-58.652000,4.895001
-58.452000,4.895001
-58.252000,4.895001
-58.052000,4.895001
-57.852000,4.895001
-57.652000,4.895001
-57.452000,4.895001
-57.252000,4.895001
-57.052000,4.895001
-56.852000,4.895001
-56.652000,4.895001
-56.452000,4.895001
-56.252000,4.895001
-56.052000,4.895001
-55.852000,4.895001
-55.652000,4.895001
-55.452000,4.895001
-55.252000,4.895001
-55.052000,4.895001
-54.852000,4.895001
-54.652000,4.895001
-54.452000,4.895001
-54.252000,4.895001
-54.052000,4.895001
-53.852000,4.895001
-53.652000,4.895001
-53.452000,4.895001
-53.252000,4.895001
-53.052000,4.895001
-52.852000,4.895001
-52.652000,4.895001
-52.452000,4.895001
-52.252000,4.895001
-52.052000,4.895001
-51.852000,4.895001
-51.652000,4.895001
-51.452000,4.895001
-51.252000,4.895001
-51.052000,4.895001
-50.852000,4.895001
-50.652000,4.895001
-50.452000,4.895001
-50.252000,4.895001
-50.052000,5.095001
-49.852000,5.095001
-49.652000,5.295001
-49.452000,5.295001
-49.252000,5.495001
-49.052000,5.495001
-48.852000,5.695001
-48.652000,5.695001
-48.452000,5.895001
-48.252000,5.895001
-48.052000,6.095001
-47.852000,6.095001
-47.652000,6.095001
-47.452000,6.295001
-47.252000,6.295001
-47.052000,6.495001
-46.852000,6.495001
-46.652000,6.695001
-46.452000,6.695001
-46.252000,6.895001
-46.052000,6.895001
-45.852000,7.095001
-45.652000,7.095001
-45.452000,7.295001
-45.252000,7.295001
-45.052000,7.295001
-44.852000,7.495001
-44.652000,7.495001
-44.452000,7.695001
-44.252000,7.695001
-44.052000,7.895001
-43.852000,7.895001
-43.652000,8.095001
-43.452000,8.095001
-43.252000,8.295001
-43.052000,8.295001
-42.852000,8.295001
-42.652000,8.495001
-42.452000,8.495001
-42.252000,8.695001
-42.052000,8.695001
-41.852000,8.895001
-41.652000,8.895001
-41.452000,9.095001
-41.252000,9.095001
-41.052000,9.295001
-40.852000,9.295001
-40.652000,9.295001
-40.452000,9.495001
-40.252000,9.495001
-40.052000,9.695001
-39.852000,9.695001
-39.652000,9.895001
-39.452000,9.895001
-39.252000,10.095001
-39.052000,10.095001
-38.852000,10.295001
-38.652000,10.295001
-38.452000,10.295001
-38.252000,10.495001
-38.052000,10.495001
-37.852000,10.695001
-37.652000,10.695001
-37.452000,10.895001
-37.252000,10.895001
-37.052000,11.095001
-36.852000,11.095001
-36.652000,11.295001
-36.452000,11.295001
-36.252000,11.295001
-36.052000,11.495001
-35.852000,11.495001
-35.652000,11.695001
-35.452000,11.695001
-35.252000,11.895001
-35.052000,11.895001
-34.852000,12.095001
-34.652000,12.095001
-34.452000,12.295001
-34.252000,12.295001
-34.052000,12.295001
-33.852000,12.495001
-33.652000,12.495001
-33.452000,12.695001
-33.252000,12.695001
-33.052000,12.895001
-32.852000,12.895001
-32.652000,13.095001
-32.452000,13.095001
-32.252000,13.295001
-32.052000,13.295001
-31.852000,13.295001
-31.652000,13.495001
-31.452000,13.495001
-31.252000,13.695001
-31.052000,13.695001
-30.852000,13.895001
-30.652000,13.895001
-30.452000,14.095001
-30.252000,14.095001
-30.052000,14.295001
-29.852000,14.295001
-29.652000,14.295001
-29.452000,14.495001
-29.252000,14.495001
-29.052000,14.695001
-28.852000,14.695001
-28.652000,14.895001
-28.452000,14.895001
-28.252000,15.095001
-28.052000,15.095001
-27.852000,15.295001
-27.652000,15.295001
-27.452000,15.295001
-27.252000,15.495001
-27.052000,15.495001
-26.852000,15.695001
-26.652000,15.695001
-26.452000,15.895001
-26.252000,15.895001
-26.052000,16.095001
-25.852000,16.095001
-25.652000,16.295001
-25.452000,16.295001
-25.252000,16.295001
-25.052000,16.495001
-24.852000,16.495001
-24.652000,16.695001
-24.452000,16.695001
-24.252000,16.895001
-24.052000,16.895001
-23.852000,17.095001
-23.652000,17.095001
-23.452000,17.295001
-23.252000,17.295001
-23.052000,17.295001
-22.852000,17.495001
-22.652000,17.495001
-22.452000,17.695001
-22.252000,17.695001
-22.052000,17.895001
-21.852000,17.895001
-21.652000,18.095001
-21.452000,18.095001
-21.252000,18.295001
-21.052000,18.295001
-20.852000,18.295001
-20.652000,18.495001
-20.452000,18.495001
-20.252000,18.695001
-20.052000,18.695001
-19.852000,18.895001
-19.652000,18.895001
-19.452000,19.095001
-19.252000,19.095001
-19.052000,19.295001
-18.852000,19.295001
-18.652000,19.295001
-18.452000,19.495001
-18.252000,19.495001
-18.052000,19.695001
-17.852000,19.695001
-17.652000,19.895001
-17.452000,19.895001
-17.252000,20.095001
-17.052000,20.095001
-16.852000,20.295001
-16.652000,20.295001
-16.452000,20.295001
-16.252000,20.495001
-16.052000,20.495001
-15.852000,20.695001
-15.652000,20.695001
-15.452000,20.895001
-15.252000,20.895001
-15.052000,21.095001
-14.852000,21.095001
-14.652000,21.295001
-14.452000,21.295001
-14.252000,21.295001
-14.052000,21.495001
-13.852000,21.495001
-13.652000,21.695001
-13.452000,21.695001
-13.252000,21.895001
-13.052000,21.895001
-12.852000,22.095001
-12.652000,22.095001
-12.452000,22.295001
-12.252000,22.295001
-12.052000,22.295001
-11.852000,22.495001
-11.652000,22.495001
-11.452000,22.695001
-11.252000,22.695001
-11.052000,22.895001
-10.852000,22.895001
-10.652000,23.095001
-10.452000,23.095001
-10.252000,23.295001
-10.052000,23.295001
-9.852000,23.295001
-9.652000,23.495001
-9.452000,23.495001
-9.252000,23.695001
-9.052000,23.695001
-8.852000,23.895001
-8.652000,23.895001
-8.452000,24.095001
-8.252000,24.095001
-8.052000,24.295001
-7.852000,24.295001
-7.652000,24.495001
-7.452000,24.495001
-7.252000,24.495001
-7.052000,24.695001
-6.852000,24.695001
-6.652000,24.895001
-6.452000,24.895001
-6.252000,25.095001
-6.052000,25.095001
-5.852000,25.295001
-5.652000,25.295001
-5.452000,25.495001
-5.252000,25.495001
-5.052000,25.495001
-4.852000,25.695001
-4.652000,25.695001
-4.452000,25.895001
-4.252000,25.895001
-4.052000,26.095001
-3.852000,26.095001
-3.652000,26.295001
-3.452000,26.295001
-3.252000,26.495001
-3.052000,26.495001
-2.852000,26.495001
-2.652000,26.695001
-2.452000,26.695001
-2.252000,26.895001
-2.052000,26.895001
-1.852000,27.095001
-1.652000,27.095001
-1.452000,27.295001
-1.252000,27.295001
-1.052000,27.495001
-0.852000,27.495001
-0.652000,27.495001
-0.452000,27.695001
-0.252000,27.695001
-0.052000,27.895001
0.148000,27.895001
0.348000,28.095001
0.548000,28.095001
0.748000,28.295001
0.948000,28.295001
1.148000,28.495001
1.348000,28.495001
1.548000,28.495001
1.748000,28.695001
1.948000,28.695001
2.148000,28.895001
2.348000,28.895001
2.548000,29.095001
2.748000,29.095001
2.948000,29.295001
3.148000,29.295001
3.348000,29.495001
3.548000,29.495001
3.748000,29.495001
3.948000,29.695001
4.148000,29.695001
4.348000,29.895001
4.548000,29.895001
4.748000,30.095001
4.948000,30.095001
5.148000,30.295001
5.348000,30.295001
5.548000,30.495001
5.748000,30.495001
5.948000,30.495001
6.148000,30.695001
6.348000,30.695001
6.548000,30.895001
6.748000,30.895001
6.948000,31.095001
7.148000,31.095001
7.348000,31.295001
7.548000,31.295001
7.748000,31.495001
7.948000,31.495001
8.148000,31.495001
8.348000,31.695001
8.548000,31.695001
8.748000,31.895001
8.948000,31.895001
9.148000,32.095001
9.348000,32.095001
9.548000,32.295001
9.748000,32.295001
9.948000,32.495001
10.148000,32.495001
